Método,Classe,Variável,mínimo,máximo,primeiro_quartil,média,mediana,terceiro_quartil,desvio_relativo_média
KMeans_k5,0,index,0.0,95105.0,7298.25,19233.42,15892.5,25289.75,0.8
KMeans_k5,0,SQLC,11001000100.0,308150004000.0,12148005125.0,38601630807.34,23038003350.0,76160003575.0,0.96
KMeans_k5,0,densidade_hec,0.0,471.8,49.11,98.28,84.39,134.01,0.66
KMeans_k5,0,qd_area,20.61,941792.75,6865.61,15738.12,12257.33,15738.15,1.52
KMeans_k5,0,mobilidade,69.41,3463.68,482.66,778.64,759.98,1074.19,0.51
KMeans_k5,0,ap_h,0.0,1.0,0.0,0.12,0.0,0.0,2.76
KMeans_k5,0,ap_v,0.0,1.0,0.0,0.0,0.0,0.0,143.17
KMeans_k5,0,bp_h,0.0,1.0,0.0,0.01,0.0,0.0,8.16
KMeans_k5,0,bp_v,0.0,1.0,0.0,0.0,0.0,0.0,36.95
KMeans_k5,0,com,0.0,0.0,0.0,0.0,0.0,0.0,
KMeans_k5,0,mp_h,0.0,1.0,1.0,0.84,1.0,1.0,0.43
KMeans_k5,0,mp_v,0.0,1.0,0.0,0.01,0.0,0.0,9.9
KMeans_k5,0,outros,0.0,1.0,0.0,0.01,0.0,0.0,8.47
KMeans_k5,0,ter,0.0,0.0,0.0,0.0,0.0,0.0,
KMeans_k5,0,equipamentos,254.78,1652.1,578.44,791.02,785.74,976.66,0.31
KMeans_k5,0,fator_com,0.0,0.0,0.0,0.0,0.0,0.0,
KMeans_k5,0,qtda_pav,1.0,17.0,1.0,1.74,2.0,2.0,0.34
KMeans_k5,0,aap_h,0.0,55822.22,0.0,1641.91,0.0,0.0,3.43
KMeans_k5,0,aap_v,0.0,7185.06,0.0,0.35,0.0,0.0,143.17
KMeans_k5,0,abp_h,0.0,24421.92,0.0,128.06,0.0,0.0,9.81
KMeans_k5,0,abp_v,0.0,47741.17,0.0,10.89,0.0,0.0,46.33
KMeans_k5,0,acom,0.0,0.0,0.0,0.0,0.0,0.0,
KMeans_k5,0,amp_h,0.0,941792.75,4513.45,13631.99,10059.21,14976.29,1.78
KMeans_k5,0,amp_v,0.0,192500.17,0.0,139.67,0.0,0.0,14.61
KMeans_k5,0,aoutros,0.0,46025.57,0.0,185.24,0.0,0.0,10.35
KMeans_k5,0,ater,0.0,0.0,0.0,0.0,0.0,0.0,
KMeans_k5,0,vl_m2_terreno,170.0,11461.0,2171.25,3337.29,2972.0,4234.0,0.47
KMeans_k5,0,a_vl_m2_construcao,1485.0,4212.0,2746.0,2688.69,2846.0,2846.0,0.12
KMeans_k5,0,comp_res,-6.09,48.01,0.03,0.38,0.31,0.56,3.6
KMeans_k5,0,densidade_hec_norm,-1.55,3.76,-1.0,-0.45,-0.6,-0.04,-1.65
KMeans_k5,0,mobilidade_norm,-1.44,2.34,-0.98,-0.65,-0.67,-0.32,-0.69
KMeans_k5,0,equipamentos_norm,-1.3,2.34,-0.45,0.1,0.09,0.58,6.5
KMeans_k5,0,fator_com_norm,-0.34,-0.34,-0.34,-0.34,-0.34,-0.34,-0.0
KMeans_k5,0,a_vl_m2_construcao_norm,-0.83,3.45,1.15,1.06,1.31,1.31,0.49
KMeans_k5,0,comp_res_norm,-5.69,44.83,0.03,0.35,0.29,0.53,3.6
KMeans_k5,0,aoutros_norm,-0.07,3.87,-0.07,-0.06,-0.07,-0.07,-2.78
KMeans_k5,0,Spectral_k5,0.0,3.0,0.0,0.43,0.0,0.0,1.91
KMeans_k5,0,KMedoids_k5,0.0,4.0,0.0,0.19,0.0,0.0,3.69
KMeans_k5,0,ap_h_pct,0.0,100.0,0.0,11.62,0.0,0.0,2.76
KMeans_k5,0,ap_v_pct,0.0,100.0,0.0,0.0,0.0,0.0,143.17
KMeans_k5,0,bp_h_pct,0.0,100.0,0.0,1.48,0.0,0.0,8.16
KMeans_k5,0,bp_v_pct,0.0,100.0,0.0,0.07,0.0,0.0,36.95
KMeans_k5,0,com_pct,0.0,0.0,0.0,0.0,0.0,0.0,
KMeans_k5,0,mp_h_pct,0.0,100.0,100.0,84.44,100.0,100.0,0.43
KMeans_k5,0,mp_v_pct,0.0,100.0,0.0,1.01,0.0,0.0,9.9
KMeans_k5,0,outros_pct,0.0,100.0,0.0,1.38,0.0,0.0,8.47
KMeans_k5,1,index,2867.0,96752.0,72239.0,79200.9,78242.0,92280.0,0.17
KMeans_k5,1,SQLC,12021008600.0,308212000100.0,127056003800.0,201372723898.76,191014001400.0,308048001500.0,0.42
KMeans_k5,1,densidade_hec,0.0,1003.73,187.82,244.71,229.35,286.45,0.4
KMeans_k5,1,qd_area,100.52,941792.75,5049.7,9425.58,7432.23,10512.52,1.83
KMeans_k5,1,mobilidade,292.74,4230.99,2359.42,2763.46,2747.36,3223.32,0.23
KMeans_k5,1,ap_h,0.0,1.0,0.0,0.0,0.0,0.0,28.36
KMeans_k5,1,ap_v,0.0,0.0,0.0,0.0,0.0,0.0,
KMeans_k5,1,bp_h,0.0,1.0,0.0,0.44,0.0,1.0,1.14
KMeans_k5,1,bp_v,0.0,1.0,0.0,0.0,0.0,0.0,33.56
KMeans_k5,1,com,0.0,1.0,0.0,0.01,0.0,0.0,12.19
KMeans_k5,1,mp_h,0.0,1.0,0.0,0.44,0.0,1.0,1.13
KMeans_k5,1,mp_v,0.0,1.0,0.0,0.0,0.0,0.0,43.34
KMeans_k5,1,outros,0.0,1.0,0.0,0.01,0.0,0.0,8.65
KMeans_k5,1,ter,0.0,1.0,0.0,0.1,0.0,0.0,2.98
KMeans_k5,1,equipamentos,107.76,1629.88,479.51,558.31,562.34,640.1,0.27
KMeans_k5,1,fator_com,0.0,1.0,0.0,0.01,0.0,0.0,12.19
KMeans_k5,1,qtda_pav,0.0,11.0,1.0,1.29,1.0,2.0,0.56
KMeans_k5,1,aap_h,0.0,127220.89,0.0,19.76,0.0,0.0,53.76
KMeans_k5,1,aap_v,0.0,0.0,0.0,0.0,0.0,0.0,
KMeans_k5,1,abp_h,0.0,263454.58,0.0,4067.73,0.0,6330.02,2.22
KMeans_k5,1,abp_v,0.0,30617.8,0.0,9.91,0.0,0.0,41.49
KMeans_k5,1,acom,0.0,36430.46,0.0,65.46,0.0,0.0,14.66
KMeans_k5,1,amp_h,0.0,68146.53,0.0,3682.0,0.0,6556.83,1.6
KMeans_k5,1,amp_v,0.0,11840.17,0.0,3.85,0.0,0.0,45.3
KMeans_k5,1,aoutros,0.0,68146.53,0.0,141.8,0.0,0.0,11.65
KMeans_k5,1,ater,0.0,941792.75,0.0,1435.07,0.0,0.0,10.65
KMeans_k5,1,vl_m2_terreno,160.0,9223.0,531.0,773.93,776.0,957.0,0.58
KMeans_k5,1,a_vl_m2_construcao,0.0,2903.0,1332.0,1337.52,1332.0,1590.0,0.37
KMeans_k5,1,comp_res,-31.77,3.29,-0.96,-0.5,-0.2,0.13,-2.39
KMeans_k5,1,densidade_hec_norm,-1.55,9.76,0.56,1.2,1.03,1.67,0.92
KMeans_k5,1,mobilidade_norm,-1.19,3.2,1.11,1.56,1.54,2.07,0.46
KMeans_k5,1,equipamentos_norm,-1.68,2.28,-0.71,-0.51,-0.5,-0.29,-0.76
KMeans_k5,1,fator_com_norm,-0.34,2.9,-0.34,-0.32,-0.34,-0.34,-0.82
KMeans_k5,1,a_vl_m2_construcao_norm,-3.16,1.39,-1.07,-1.06,-1.07,-0.67,-0.72
KMeans_k5,1,comp_res_norm,-29.67,3.07,-0.9,-0.47,-0.19,0.12,-2.39
KMeans_k5,1,aoutros_norm,-0.07,5.76,-0.07,-0.06,-0.07,-0.07,-2.25
KMeans_k5,1,Spectral_k5,0.0,3.0,0.0,0.44,0.0,0.0,1.89
KMeans_k5,1,KMedoids_k5,1.0,4.0,3.0,3.0,3.0,3.0,0.02
KMeans_k5,1,ap_h_pct,0.0,100.0,0.0,0.12,0.0,0.0,28.36
KMeans_k5,1,ap_v_pct,0.0,0.0,0.0,0.0,0.0,0.0,
KMeans_k5,1,bp_h_pct,0.0,100.0,0.0,43.66,0.0,100.0,1.14
KMeans_k5,1,bp_v_pct,0.0,100.0,0.0,0.09,0.0,0.0,33.56
KMeans_k5,1,com_pct,0.0,100.0,0.0,0.67,0.0,0.0,12.19
KMeans_k5,1,mp_h_pct,0.0,100.0,0.0,43.94,0.0,100.0,1.13
KMeans_k5,1,mp_v_pct,0.0,100.0,0.0,0.05,0.0,0.0,43.34
KMeans_k5,1,outros_pct,0.0,100.0,0.0,1.32,0.0,0.0,8.65
KMeans_k5,2,index,3.0,96257.0,13448.25,34346.47,28468.5,49541.5,0.74
KMeans_k5,2,SQLC,11001000600.0,308195000400.0,22052004925.0,76771709937.65,76450004150.0,104124003700.0,0.88
KMeans_k5,2,densidade_hec,0.0,785.45,47.3,102.39,84.18,137.88,0.76
KMeans_k5,2,qd_area,20.61,941792.75,6328.32,14561.69,10405.75,15028.95,1.66
KMeans_k5,2,mobilidade,69.41,3940.49,423.93,911.37,758.88,1203.79,0.73
KMeans_k5,2,ap_h,0.0,0.0,0.0,0.0,0.0,0.0,
KMeans_k5,2,ap_v,0.0,0.0,0.0,0.0,0.0,0.0,
KMeans_k5,2,bp_h,0.0,0.0,0.0,0.0,0.0,0.0,
KMeans_k5,2,bp_v,0.0,0.0,0.0,0.0,0.0,0.0,
KMeans_k5,2,com,1.0,1.0,1.0,1.0,1.0,1.0,0.0
KMeans_k5,2,mp_h,0.0,0.0,0.0,0.0,0.0,0.0,
KMeans_k5,2,mp_v,0.0,0.0,0.0,0.0,0.0,0.0,
KMeans_k5,2,outros,0.0,0.0,0.0,0.0,0.0,0.0,
KMeans_k5,2,ter,0.0,0.0,0.0,0.0,0.0,0.0,
KMeans_k5,2,equipamentos,106.07,2382.2,538.67,837.07,800.83,1078.64,0.43
KMeans_k5,2,fator_com,1.0,1.0,1.0,1.0,1.0,1.0,0.0
KMeans_k5,2,qtda_pav,1.0,18.0,1.0,1.91,2.0,2.0,0.47
KMeans_k5,2,aap_h,0.0,0.0,0.0,0.0,0.0,0.0,
KMeans_k5,2,aap_v,0.0,0.0,0.0,0.0,0.0,0.0,
KMeans_k5,2,abp_h,0.0,0.0,0.0,0.0,0.0,0.0,
KMeans_k5,2,abp_v,0.0,0.0,0.0,0.0,0.0,0.0,
KMeans_k5,2,acom,20.61,941792.75,6328.32,14561.69,10405.75,15028.95,1.66
KMeans_k5,2,amp_h,0.0,0.0,0.0,0.0,0.0,0.0,
KMeans_k5,2,amp_v,0.0,0.0,0.0,0.0,0.0,0.0,
KMeans_k5,2,aoutros,0.0,0.0,0.0,0.0,0.0,0.0,
KMeans_k5,2,ater,0.0,0.0,0.0,0.0,0.0,0.0,
KMeans_k5,2,vl_m2_terreno,170.0,11461.0,1294.0,3011.87,2440.5,4367.5,0.66
KMeans_k5,2,a_vl_m2_construcao,1537.0,4360.0,2159.0,2546.39,2665.0,2835.0,0.17
KMeans_k5,2,comp_res,-0.2,-0.2,-0.2,-0.2,-0.2,-0.2,-0.0
KMeans_k5,2,densidade_hec_norm,-1.55,7.3,-1.02,-0.4,-0.61,-0.0,-2.2
KMeans_k5,2,mobilidade_norm,-1.44,2.87,-1.05,-0.5,-0.67,-0.18,-1.46
KMeans_k5,2,equipamentos_norm,-1.68,4.24,-0.56,0.22,0.12,0.85,4.24
KMeans_k5,2,fator_com_norm,2.9,2.9,2.9,2.9,2.9,2.9,0.0
KMeans_k5,2,a_vl_m2_construcao_norm,-0.75,3.68,0.23,0.84,1.02,1.29,0.84
KMeans_k5,2,comp_res_norm,-0.19,-0.19,-0.19,-0.19,-0.19,-0.19,-0.0
KMeans_k5,2,aoutros_norm,-0.07,-0.07,-0.07,-0.07,-0.07,-0.07,-0.0
KMeans_k5,2,Spectral_k5,0.0,2.0,0.0,0.01,0.0,0.0,13.31
KMeans_k5,2,KMedoids_k5,2.0,3.0,2.0,2.01,2.0,2.0,0.05
KMeans_k5,2,ap_h_pct,0.0,0.0,0.0,0.0,0.0,0.0,
KMeans_k5,2,ap_v_pct,0.0,0.0,0.0,0.0,0.0,0.0,
KMeans_k5,2,bp_h_pct,0.0,0.0,0.0,0.0,0.0,0.0,
KMeans_k5,2,bp_v_pct,0.0,0.0,0.0,0.0,0.0,0.0,
KMeans_k5,2,com_pct,100.0,100.0,100.0,100.0,100.0,100.0,0.0
KMeans_k5,2,mp_h_pct,0.0,0.0,0.0,0.0,0.0,0.0,
KMeans_k5,2,mp_v_pct,0.0,0.0,0.0,0.0,0.0,0.0,
KMeans_k5,2,outros_pct,0.0,0.0,0.0,0.0,0.0,0.0,
KMeans_k5,3,index,664.0,95491.0,30627.75,53250.75,56513.5,66860.25,0.4
KMeans_k5,3,SQLC,11029000800.0,308159001100.0,76776001675.0,119824750838.72,107094001550.0,107450004725.0,0.59
KMeans_k5,3,densidade_hec,0.0,487.7,106.57,146.46,143.37,177.86,0.39
KMeans_k5,3,qd_area,24.7,271668.11,5173.25,10459.88,7734.39,13456.26,0.87
KMeans_k5,3,mobilidade,82.86,2971.71,649.72,1086.22,1018.3,1505.83,0.49
KMeans_k5,3,ap_h,0.0,1.0,0.0,0.02,0.0,0.0,7.9
KMeans_k5,3,ap_v,0.0,0.0,0.0,0.0,0.0,0.0,
KMeans_k5,3,bp_h,0.0,1.0,0.0,0.13,0.0,0.0,2.63
KMeans_k5,3,bp_v,0.0,1.0,0.0,0.0,0.0,0.0,41.8
KMeans_k5,3,com,0.0,0.0,0.0,0.0,0.0,0.0,
KMeans_k5,3,mp_h,0.0,1.0,1.0,0.79,1.0,1.0,0.51
KMeans_k5,3,mp_v,0.0,1.0,0.0,0.0,0.0,0.0,30.32
KMeans_k5,3,outros,0.0,1.0,0.0,0.04,0.0,0.0,4.86
KMeans_k5,3,ter,0.0,1.0,0.0,0.02,0.0,0.0,6.45
KMeans_k5,3,equipamentos,219.3,1223.88,413.2,516.49,511.78,602.98,0.26
KMeans_k5,3,fator_com,0.0,0.0,0.0,0.0,0.0,0.0,
KMeans_k5,3,qtda_pav,0.0,11.0,1.0,1.51,1.0,2.0,0.41
KMeans_k5,3,aap_h,0.0,192500.17,0.0,305.8,0.0,0.0,13.61
KMeans_k5,3,aap_v,0.0,0.0,0.0,0.0,0.0,0.0,
KMeans_k5,3,abp_h,0.0,55822.22,0.0,1356.07,0.0,0.0,3.52
KMeans_k5,3,abp_v,0.0,44632.29,0.0,6.06,0.0,0.0,55.36
KMeans_k5,3,acom,0.0,0.0,0.0,0.0,0.0,0.0,
KMeans_k5,3,amp_h,0.0,127220.89,2516.81,7987.84,6302.65,10944.4,1.02
KMeans_k5,3,amp_v,0.0,271668.11,0.0,17.11,0.0,0.0,87.21
KMeans_k5,3,aoutros,0.0,55822.22,0.0,474.02,0.0,0.0,6.11
KMeans_k5,3,ater,0.0,106830.01,0.0,312.99,0.0,0.0,9.04
KMeans_k5,3,vl_m2_terreno,169.0,8294.0,987.0,1238.52,1074.0,1230.0,0.66
KMeans_k5,3,a_vl_m2_construcao,0.0,2903.0,1753.0,1850.95,1939.0,2040.0,0.21
KMeans_k5,3,comp_res,-11.68,6.31,-0.07,0.02,0.12,0.36,34.48
KMeans_k5,3,densidade_hec_norm,-1.55,3.94,-0.35,0.1,0.06,0.45,6.75
KMeans_k5,3,mobilidade_norm,-1.43,1.79,-0.8,-0.31,-0.38,0.16,-1.92
KMeans_k5,3,equipamentos_norm,-1.39,1.23,-0.88,-0.62,-0.63,-0.39,-0.57
KMeans_k5,3,fator_com_norm,-0.34,-0.34,-0.34,-0.34,-0.34,-0.34,-0.0
KMeans_k5,3,a_vl_m2_construcao_norm,-3.16,1.39,-0.41,-0.26,-0.12,0.04,-2.36
KMeans_k5,3,comp_res_norm,-10.91,5.89,-0.07,0.02,0.11,0.33,34.48
KMeans_k5,3,aoutros_norm,-0.07,4.7,-0.07,-0.03,-0.07,-0.07,-7.22
KMeans_k5,3,Spectral_k5,0.0,3.0,0.0,0.37,0.0,0.0,2.13
KMeans_k5,3,KMedoids_k5,0.0,4.0,1.0,1.23,1.0,1.0,0.56
KMeans_k5,3,ap_h_pct,0.0,100.0,0.0,1.58,0.0,0.0,7.9
KMeans_k5,3,ap_v_pct,0.0,0.0,0.0,0.0,0.0,0.0,
KMeans_k5,3,bp_h_pct,0.0,100.0,0.0,12.65,0.0,0.0,2.63
KMeans_k5,3,bp_v_pct,0.0,100.0,0.0,0.06,0.0,0.0,41.8
KMeans_k5,3,com_pct,0.0,0.0,0.0,0.0,0.0,0.0,
KMeans_k5,3,mp_h_pct,0.0,100.0,100.0,79.21,100.0,100.0,0.51
KMeans_k5,3,mp_v_pct,0.0,100.0,0.0,0.11,0.0,0.0,30.32
KMeans_k5,3,outros_pct,0.0,100.0,0.0,4.06,0.0,0.0,4.86
KMeans_k5,4,index,72.0,95482.0,33706.25,51745.93,40038.5,82490.75,0.48
KMeans_k5,4,SQLC,11003005100.0,308158008800.0,79754000925.0,121731318627.17,98010001450.0,199019009975.0,0.51
KMeans_k5,4,densidade_hec,0.0,337.17,36.53,72.43,75.66,100.72,0.67
KMeans_k5,4,qd_area,51.96,549393.27,5909.81,17180.9,9291.53,15421.12,1.93
KMeans_k5,4,mobilidade,137.04,4015.06,957.09,1547.07,1530.18,2013.34,0.48
KMeans_k5,4,ap_h,0.0,1.0,0.0,0.08,0.0,0.0,3.42
KMeans_k5,4,ap_v,0.0,0.0,0.0,0.0,0.0,0.0,
KMeans_k5,4,bp_h,0.0,1.0,0.0,0.06,0.0,0.0,4.09
KMeans_k5,4,bp_v,0.0,1.0,0.0,0.0,0.0,0.0,37.71
KMeans_k5,4,com,0.0,1.0,0.0,0.0,0.0,0.0,84.35
KMeans_k5,4,mp_h,0.0,1.0,0.0,0.68,1.0,1.0,0.68
KMeans_k5,4,mp_v,0.0,1.0,0.0,0.0,0.0,0.0,34.42
KMeans_k5,4,outros,0.0,1.0,0.0,0.11,0.0,0.0,2.85
KMeans_k5,4,ter,0.0,1.0,0.0,0.07,0.0,0.0,3.6
KMeans_k5,4,equipamentos,527.63,2754.2,1281.99,1450.21,1418.84,1560.58,0.19
KMeans_k5,4,fator_com,0.0,1.0,0.0,0.0,0.0,0.0,84.35
KMeans_k5,4,qtda_pav,0.0,20.0,1.0,1.41,1.0,2.0,0.51
KMeans_k5,4,aap_h,0.0,94890.83,0.0,1015.21,0.0,0.0,4.53
KMeans_k5,4,aap_v,0.0,0.0,0.0,0.0,0.0,0.0,
KMeans_k5,4,abp_h,0.0,168510.0,0.0,747.58,0.0,0.0,5.97
KMeans_k5,4,abp_v,0.0,29153.21,0.0,9.88,0.0,0.0,43.08
KMeans_k5,4,acom,0.0,89048.21,0.0,8.13,0.0,0.0,95.84
KMeans_k5,4,amp_h,0.0,168510.0,0.0,9666.89,5942.16,11267.48,1.6
KMeans_k5,4,amp_v,0.0,29369.96,0.0,9.48,0.0,0.0,41.06
KMeans_k5,4,aoutros,0.0,549393.27,0.0,4351.49,0.0,0.0,6.83
KMeans_k5,4,ater,0.0,549393.27,0.0,1372.23,0.0,0.0,7.7
KMeans_k5,4,vl_m2_terreno,160.0,11097.0,1211.0,1667.06,1437.0,1755.0,0.57
KMeans_k5,4,a_vl_m2_construcao,0.0,3558.0,1939.0,1867.39,2040.0,2040.0,0.31
KMeans_k5,4,comp_res,-20.4,8.42,-0.2,0.14,0.1,0.37,7.55
KMeans_k5,4,densidade_hec_norm,-1.55,2.25,-1.14,-0.74,-0.7,-0.42,-0.74
KMeans_k5,4,mobilidade_norm,-1.37,2.95,-0.45,0.2,0.19,0.72,4.05
KMeans_k5,4,equipamentos_norm,-0.59,5.21,1.38,1.81,1.73,2.1,0.4
KMeans_k5,4,fator_com_norm,-0.34,2.9,-0.34,-0.34,-0.34,-0.34,-0.11
KMeans_k5,4,a_vl_m2_construcao_norm,-3.16,2.42,-0.12,-0.23,0.04,0.04,-3.91
KMeans_k5,4,comp_res_norm,-19.04,7.86,-0.19,0.13,0.09,0.35,7.55
KMeans_k5,4,aoutros_norm,-0.07,46.97,-0.07,0.3,-0.07,-0.07,8.55
KMeans_k5,4,Spectral_k5,0.0,4.0,0.0,0.34,0.0,0.0,2.23
KMeans_k5,4,KMedoids_k5,0.0,4.0,4.0,3.93,4.0,4.0,0.11
KMeans_k5,4,ap_h_pct,0.0,100.0,0.0,7.87,0.0,0.0,3.42
KMeans_k5,4,ap_v_pct,0.0,0.0,0.0,0.0,0.0,0.0,
KMeans_k5,4,bp_h_pct,0.0,100.0,0.0,5.64,0.0,0.0,4.09
KMeans_k5,4,bp_v_pct,0.0,100.0,0.0,0.07,0.0,0.0,37.71
KMeans_k5,4,com_pct,0.0,100.0,0.0,0.01,0.0,0.0,84.35
KMeans_k5,4,mp_h_pct,0.0,100.0,0.0,68.18,100.0,100.0,0.68
KMeans_k5,4,mp_v_pct,0.0,100.0,0.0,0.08,0.0,0.0,34.42
KMeans_k5,4,outros_pct,0.0,100.0,0.0,10.99,0.0,0.0,2.85
Spectral_k5,0,index,0.0,96752.0,23751.0,47770.58,47429.0,71905.0,0.59
Spectral_k5,0,SQLC,11001000100.0,308212000100.0,76031000700.0,111388261288.34,104069001000.0,127047017700.0,0.75
Spectral_k5,0,densidade_hec,0.0,1003.73,75.05,134.54,124.52,180.61,0.64
Spectral_k5,0,qd_area,20.61,941792.75,5540.81,12935.58,8678.11,14253.48,1.72
Spectral_k5,0,mobilidade,69.41,4230.99,646.19,1337.05,1123.44,1838.37,0.66
Spectral_k5,0,ap_h,0.0,1.0,0.0,0.05,0.0,0.0,4.45
Spectral_k5,0,ap_v,0.0,1.0,0.0,0.0,0.0,0.0,282.5
Spectral_k5,0,bp_h,0.0,1.0,0.0,0.14,0.0,0.0,2.52
Spectral_k5,0,bp_v,0.0,1.0,0.0,0.0,0.0,0.0,37.74
Spectral_k5,0,com,0.0,1.0,0.0,0.13,0.0,0.0,2.61
Spectral_k5,0,mp_h,0.0,1.0,0.0,0.6,1.0,1.0,0.82
Spectral_k5,0,mp_v,0.0,1.0,0.0,0.0,0.0,0.0,17.33
Spectral_k5,0,outros,0.0,1.0,0.0,0.04,0.0,0.0,4.74
Spectral_k5,0,ter,0.0,1.0,0.0,0.04,0.0,0.0,4.69
Spectral_k5,0,equipamentos,106.07,2754.2,496.59,764.51,619.13,964.97,0.51
Spectral_k5,0,fator_com,0.0,1.0,0.0,0.13,0.0,0.0,2.61
Spectral_k5,0,qtda_pav,0.0,20.0,1.0,1.55,2.0,2.0,0.47
Spectral_k5,0,aap_h,0.0,192500.17,0.0,684.22,0.0,0.0,6.24
Spectral_k5,0,aap_v,0.0,7185.06,0.0,0.09,0.0,0.0,282.5
Spectral_k5,0,abp_h,0.0,263454.58,0.0,1358.77,0.0,0.0,3.94
Spectral_k5,0,abp_v,0.0,47741.17,0.0,9.02,0.0,0.0,47.18
Spectral_k5,0,acom,0.0,941792.75,0.0,1859.5,0.0,0.0,5.33
Spectral_k5,0,amp_h,0.0,941792.75,0.0,7347.34,4358.06,9681.26,2.07
Spectral_k5,0,amp_v,0.0,271668.11,0.0,45.81,0.0,0.0,31.49
Spectral_k5,0,aoutros,0.0,549393.27,0.0,952.59,0.0,0.0,12.76
Spectral_k5,0,ater,0.0,941792.75,0.0,678.23,0.0,0.0,12.62
Spectral_k5,0,vl_m2_terreno,160.0,11461.0,991.0,1889.73,1231.0,2252.0,0.82
Spectral_k5,0,a_vl_m2_construcao,0.0,4360.0,1590.0,2008.93,2040.0,2445.0,0.33
Spectral_k5,0,comp_res,-31.77,48.01,-0.2,-0.03,0.02,0.29,-34.2
Spectral_k5,0,densidade_hec_norm,-1.55,9.76,-0.71,-0.04,-0.15,0.48,-25.51
Spectral_k5,0,mobilidade_norm,-1.44,3.2,-0.8,-0.03,-0.27,0.53,-33.16
Spectral_k5,0,equipamentos_norm,-1.68,5.21,-0.67,0.03,-0.35,0.55,33.39
Spectral_k5,0,fator_com_norm,-0.34,2.9,-0.34,0.07,-0.34,-0.34,15.31
Spectral_k5,0,a_vl_m2_construcao_norm,-3.16,3.68,-0.67,-0.01,0.04,0.68,-129.2
Spectral_k5,0,comp_res_norm,-29.67,44.83,-0.19,-0.03,0.02,0.27,-34.2
Spectral_k5,0,aoutros_norm,-0.07,46.97,-0.07,0.01,-0.07,-0.07,157.3
Spectral_k5,0,KMeans_k5,0.0,4.0,1.0,2.09,3.0,3.0,0.66
Spectral_k5,0,KMedoids_k5,0.0,4.0,1.0,1.81,1.0,3.0,0.75
Spectral_k5,0,ap_h_pct,0.0,100.0,0.0,4.8,0.0,0.0,4.45
Spectral_k5,0,ap_v_pct,0.0,100.0,0.0,0.0,0.0,0.0,282.5
Spectral_k5,0,bp_h_pct,0.0,100.0,0.0,13.63,0.0,0.0,2.52
Spectral_k5,0,bp_v_pct,0.0,100.0,0.0,0.07,0.0,0.0,37.74
Spectral_k5,0,com_pct,0.0,100.0,0.0,12.79,0.0,0.0,2.61
Spectral_k5,0,mp_h_pct,0.0,100.0,0.0,59.78,100.0,100.0,0.82
Spectral_k5,0,mp_v_pct,0.0,100.0,0.0,0.33,0.0,0.0,17.33
Spectral_k5,0,outros_pct,0.0,100.0,0.0,4.25,0.0,0.0,4.74
Spectral_k5,1,index,4847.0,95410.0,49663.25,60298.44,71254.5,95351.25,0.57
Spectral_k5,1,SQLC,12074000700.0,308154006900.0,83570762175.0,145858833129.69,127030001100.0,308154000625.0,0.76
Spectral_k5,1,densidade_hec,156.75,235.04,199.25,207.17,221.58,224.95,0.13
Spectral_k5,1,qd_area,3114.57,14952.77,6571.79,9986.26,13104.87,13566.85,0.45
Spectral_k5,1,mobilidade,639.92,2600.68,960.49,1446.67,1252.38,2600.68,0.53
Spectral_k5,1,ap_h,0.0,0.0,0.0,0.0,0.0,0.0,
Spectral_k5,1,ap_v,0.0,0.0,0.0,0.0,0.0,0.0,
Spectral_k5,1,bp_h,0.0,0.0,0.0,0.0,0.0,0.0,
Spectral_k5,1,bp_v,0.0,0.0,0.0,0.0,0.0,0.0,
Spectral_k5,1,com,0.0,0.0,0.0,0.0,0.0,0.0,
Spectral_k5,1,mp_h,1.0,1.0,1.0,1.0,1.0,1.0,0.0
Spectral_k5,1,mp_v,0.0,0.0,0.0,0.0,0.0,0.0,
Spectral_k5,1,outros,0.0,0.0,0.0,0.0,0.0,0.0,
Spectral_k5,1,ter,0.0,0.0,0.0,0.0,0.0,0.0,
Spectral_k5,1,equipamentos,398.36,852.95,427.76,573.1,603.6,666.19,0.28
Spectral_k5,1,fator_com,0.0,0.0,0.0,0.0,0.0,0.0,
Spectral_k5,1,qtda_pav,1.0,2.0,1.0,1.66,2.0,2.0,0.29
Spectral_k5,1,aap_h,0.0,0.0,0.0,0.0,0.0,0.0,
Spectral_k5,1,aap_v,0.0,0.0,0.0,0.0,0.0,0.0,
Spectral_k5,1,abp_h,0.0,0.0,0.0,0.0,0.0,0.0,
Spectral_k5,1,abp_v,0.0,0.0,0.0,0.0,0.0,0.0,
Spectral_k5,1,acom,0.0,0.0,0.0,0.0,0.0,0.0,
Spectral_k5,1,amp_h,3114.57,14952.77,6571.79,9986.26,13104.87,13566.84,0.45
Spectral_k5,1,amp_v,0.0,0.0,0.0,0.0,0.0,0.0,
Spectral_k5,1,aoutros,0.0,0.0,0.0,0.0,0.0,0.0,
Spectral_k5,1,ater,0.0,0.0,0.0,0.0,0.0,0.0,
Spectral_k5,1,vl_m2_terreno,572.0,4855.0,574.0,1765.91,1010.0,2022.25,1.01
Spectral_k5,1,a_vl_m2_construcao,1485.0,2846.0,1485.0,1950.17,1590.0,2241.5,0.28
Spectral_k5,1,comp_res,-0.04,0.56,0.13,0.31,0.47,0.49,0.74
Spectral_k5,1,densidade_hec_norm,0.21,1.09,0.69,0.78,0.94,0.98,0.39
Spectral_k5,1,mobilidade_norm,-0.81,1.38,-0.45,0.09,-0.12,1.38,9.2
Spectral_k5,1,equipamentos_norm,-0.92,0.26,-0.85,-0.47,-0.39,-0.23,-0.88
Spectral_k5,1,fator_com_norm,-0.34,-0.34,-0.34,-0.34,-0.34,-0.34,-0.0
Spectral_k5,1,a_vl_m2_construcao_norm,-0.83,1.31,-0.83,-0.1,-0.67,0.36,-8.68
Spectral_k5,1,comp_res_norm,-0.04,0.53,0.12,0.29,0.44,0.46,0.74
Spectral_k5,1,aoutros_norm,-0.07,-0.07,-0.07,-0.07,-0.07,-0.07,-0.0
Spectral_k5,1,KMeans_k5,0.0,3.0,0.75,1.69,1.0,3.0,0.77
Spectral_k5,1,KMedoids_k5,0.0,3.0,0.75,1.31,1.0,3.0,0.87
Spectral_k5,1,ap_h_pct,0.0,0.0,0.0,0.0,0.0,0.0,
Spectral_k5,1,ap_v_pct,0.0,0.0,0.0,0.0,0.0,0.0,
Spectral_k5,1,bp_h_pct,0.0,0.0,0.0,0.0,0.0,0.0,
Spectral_k5,1,bp_v_pct,0.0,0.0,0.0,0.0,0.0,0.0,
Spectral_k5,1,com_pct,0.0,0.0,0.0,0.0,0.0,0.0,
Spectral_k5,1,mp_h_pct,100.0,100.0,100.0,100.0,100.0,100.0,0.0
Spectral_k5,1,mp_v_pct,0.0,0.0,0.0,0.0,0.0,0.0,
Spectral_k5,1,outros_pct,0.0,0.0,0.0,0.0,0.0,0.0,
Spectral_k5,2,index,193.0,96680.0,25917.5,51235.62,53859.0,75062.0,0.54
Spectral_k5,2,SQLC,11012000100.0,308208015900.0,76201002000.0,118628913356.5,107017000600.0,127332002400.0,0.72
Spectral_k5,2,densidade_hec,0.0,763.06,84.77,153.6,136.02,202.74,0.64
Spectral_k5,2,qd_area,20.61,194468.97,6344.34,12267.08,9369.55,14772.06,1.01
Spectral_k5,2,mobilidade,71.42,4230.99,734.08,1491.81,1244.09,2155.18,0.64
Spectral_k5,2,ap_h,0.0,1.0,0.0,0.01,0.0,0.0,8.25
Spectral_k5,2,ap_v,0.0,0.0,0.0,0.0,0.0,0.0,
Spectral_k5,2,bp_h,0.0,1.0,0.0,0.12,0.0,0.0,2.73
Spectral_k5,2,bp_v,0.0,1.0,0.0,0.0,0.0,0.0,64.67
Spectral_k5,2,com,0.0,1.0,0.0,0.0,0.0,0.0,17.1
Spectral_k5,2,mp_h,0.0,1.0,1.0,0.85,1.0,1.0,0.41
Spectral_k5,2,mp_v,0.0,1.0,0.0,0.0,0.0,0.0,129.35
Spectral_k5,2,outros,0.0,1.0,0.0,0.01,0.0,0.0,13.45
Spectral_k5,2,ter,0.0,1.0,0.0,0.01,0.0,0.0,13.99
Spectral_k5,2,equipamentos,107.76,2719.24,461.01,698.71,575.54,806.41,0.52
Spectral_k5,2,fator_com,0.0,1.0,0.0,0.0,0.0,0.0,17.1
Spectral_k5,2,qtda_pav,0.0,11.0,1.0,1.56,2.0,2.0,0.37
Spectral_k5,2,aap_h,0.0,64611.66,0.0,253.22,0.0,0.0,10.97
Spectral_k5,2,aap_v,0.0,0.0,0.0,0.0,0.0,0.0,
Spectral_k5,2,abp_h,0.0,89048.21,0.0,1216.36,0.0,0.0,3.81
Spectral_k5,2,abp_v,0.0,5966.68,0.0,1.41,0.0,0.0,64.69
Spectral_k5,2,acom,0.0,26822.02,0.0,35.25,0.0,0.0,20.92
Spectral_k5,2,amp_h,0.0,79158.96,5206.51,10205.99,8525.56,14183.72,0.89
Spectral_k5,2,amp_v,0.0,5593.01,0.0,0.33,0.0,0.0,129.35
Spectral_k5,2,aoutros,0.0,194468.97,0.0,517.91,0.0,0.0,17.7
Spectral_k5,2,ater,0.0,13302.1,0.0,36.61,0.0,0.0,14.62
Spectral_k5,2,vl_m2_terreno,173.0,8244.0,956.0,1663.95,1132.0,1890.0,0.81
Spectral_k5,2,a_vl_m2_construcao,0.0,3162.0,1590.0,2038.95,2040.0,2040.0,0.25
Spectral_k5,2,comp_res,-10.87,3.85,0.06,0.16,0.23,0.52,5.34
Spectral_k5,2,densidade_hec_norm,-1.55,7.04,-0.6,0.18,-0.02,0.73,6.3
Spectral_k5,2,mobilidade_norm,-1.44,3.2,-0.7,0.14,-0.13,0.88,7.44
Spectral_k5,2,equipamentos_norm,-1.68,5.12,-0.76,-0.14,-0.46,0.14,-6.76
Spectral_k5,2,fator_com_norm,-0.34,2.9,-0.34,-0.33,-0.34,-0.34,-0.57
Spectral_k5,2,a_vl_m2_construcao_norm,-3.16,1.8,-0.67,0.04,0.04,0.04,20.63
Spectral_k5,2,comp_res_norm,-10.15,3.59,0.06,0.15,0.22,0.49,5.34
Spectral_k5,2,aoutros_norm,-0.07,16.58,-0.07,-0.03,-0.07,-0.07,-25.65
Spectral_k5,2,KMeans_k5,0.0,4.0,0.0,1.92,3.0,3.0,0.77
Spectral_k5,2,KMedoids_k5,0.0,4.0,1.0,1.75,1.0,3.0,0.83
Spectral_k5,2,ap_h_pct,0.0,100.0,0.0,1.45,0.0,0.0,8.25
Spectral_k5,2,ap_v_pct,0.0,0.0,0.0,0.0,0.0,0.0,
Spectral_k5,2,bp_h_pct,0.0,100.0,0.0,11.8,0.0,0.0,2.73
Spectral_k5,2,bp_v_pct,0.0,100.0,0.0,0.02,0.0,0.0,64.67
Spectral_k5,2,com_pct,0.0,100.0,0.0,0.34,0.0,0.0,17.1
Spectral_k5,2,mp_h_pct,0.0,100.0,100.0,85.32,100.0,100.0,0.41
Spectral_k5,2,mp_v_pct,0.0,100.0,0.0,0.01,0.0,0.0,129.35
Spectral_k5,2,outros_pct,0.0,100.0,0.0,0.55,0.0,0.0,13.45
Spectral_k5,3,index,14288.0,75585.0,29840.75,44172.86,38779.5,56182.75,0.43
Spectral_k5,3,SQLC,22073000900.0,127345004400.0,76504000375.0,87641929245.59,82239003750.0,107082003875.0,0.34
Spectral_k5,3,densidade_hec,81.78,267.56,129.13,167.3,146.51,194.16,0.34
Spectral_k5,3,qd_area,2152.87,14892.13,4426.76,7040.52,5321.27,8847.62,0.51
Spectral_k5,3,mobilidade,131.28,2360.57,753.95,1163.52,1244.09,1395.49,0.55
Spectral_k5,3,ap_h,0.0,0.0,0.0,0.0,0.0,0.0,
Spectral_k5,3,ap_v,0.0,0.0,0.0,0.0,0.0,0.0,
Spectral_k5,3,bp_h,0.0,1.0,0.0,0.34,0.0,1.0,1.4
Spectral_k5,3,bp_v,0.0,0.0,0.0,0.0,0.0,0.0,
Spectral_k5,3,com,0.0,0.0,0.0,0.0,0.0,0.0,
Spectral_k5,3,mp_h,0.0,1.0,0.0,0.66,1.0,1.0,0.72
Spectral_k5,3,mp_v,0.0,0.0,0.0,0.0,0.0,0.0,
Spectral_k5,3,outros,0.0,0.0,0.0,0.0,0.0,0.0,
Spectral_k5,3,ter,0.0,0.0,0.0,0.0,0.0,0.0,
Spectral_k5,3,equipamentos,290.57,1439.68,362.18,636.68,566.27,691.53,0.54
Spectral_k5,3,fator_com,0.0,0.0,0.0,0.0,0.0,0.0,
Spectral_k5,3,qtda_pav,1.0,5.0,1.0,1.48,1.0,2.0,0.4
Spectral_k5,3,aap_h,0.0,0.0,0.0,0.0,0.0,0.0,
Spectral_k5,3,aap_v,0.0,0.0,0.0,0.0,0.0,0.0,
Spectral_k5,3,abp_h,0.0,5703.01,0.0,1386.29,0.0,3724.1,1.44
Spectral_k5,3,abp_v,0.0,0.0,0.0,0.0,0.0,0.0,
Spectral_k5,3,acom,0.0,0.0,0.0,0.0,0.0,0.0,
Spectral_k5,3,amp_h,0.0,14892.13,0.0,5654.23,5321.27,8847.62,0.88
Spectral_k5,3,amp_v,0.0,0.0,0.0,0.0,0.0,0.0,
Spectral_k5,3,aoutros,0.0,0.0,0.0,0.0,0.0,0.0,
Spectral_k5,3,ater,0.0,0.0,0.0,0.0,0.0,0.0,
Spectral_k5,3,vl_m2_terreno,471.0,8152.0,992.0,2217.94,1053.0,1214.5,1.06
Spectral_k5,3,a_vl_m2_construcao,1332.0,2846.0,1712.25,1994.25,1939.0,2040.0,0.25
Spectral_k5,3,comp_res,-0.89,0.56,-0.65,-0.08,0.07,0.25,-5.89
Spectral_k5,3,densidade_hec_norm,-0.63,1.46,-0.1,0.33,0.1,0.63,1.96
Spectral_k5,3,mobilidade_norm,-1.37,1.11,-0.68,-0.22,-0.13,0.04,-3.19
Spectral_k5,3,equipamentos_norm,-1.2,1.79,-1.02,-0.3,-0.49,-0.16,-2.94
Spectral_k5,3,fator_com_norm,-0.34,-0.34,-0.34,-0.34,-0.34,-0.34,-0.0
Spectral_k5,3,a_vl_m2_construcao_norm,-1.07,1.31,-0.47,-0.03,-0.12,0.04,-25.09
Spectral_k5,3,comp_res_norm,-0.83,0.52,-0.61,-0.07,0.06,0.23,-5.89
Spectral_k5,3,aoutros_norm,-0.07,-0.07,-0.07,-0.07,-0.07,-0.07,-0.0
Spectral_k5,3,KMeans_k5,0.0,4.0,1.0,2.21,3.0,3.0,0.63
Spectral_k5,3,KMedoids_k5,0.0,4.0,1.0,1.4,1.0,1.5,0.91
Spectral_k5,3,ap_h_pct,0.0,0.0,0.0,0.0,0.0,0.0,
Spectral_k5,3,ap_v_pct,0.0,0.0,0.0,0.0,0.0,0.0,
Spectral_k5,3,bp_h_pct,0.0,100.0,0.0,33.82,0.0,100.0,1.4
Spectral_k5,3,bp_v_pct,0.0,0.0,0.0,0.0,0.0,0.0,
Spectral_k5,3,com_pct,0.0,0.0,0.0,0.0,0.0,0.0,
Spectral_k5,3,mp_h_pct,0.0,100.0,0.0,66.18,100.0,100.0,0.72
Spectral_k5,3,mp_v_pct,0.0,0.0,0.0,0.0,0.0,0.0,
Spectral_k5,3,outros_pct,0.0,0.0,0.0,0.0,0.0,0.0,
Spectral_k5,4,index,39007.0,83857.0,39342.0,70066.46,83752.0,83828.0,0.31
Spectral_k5,4,SQLC,82450006100.0,199054025300.0,82458050000.0,163177707623.08,199054008200.0,199054021400.0,0.34
Spectral_k5,4,densidade_hec,30.28,60.69,30.28,34.95,30.28,40.4,0.25
Spectral_k5,4,qd_area,47531.6,94890.83,49496.87,59821.23,49496.87,49496.87,0.33
Spectral_k5,4,mobilidade,1411.41,1859.46,1701.38,1715.55,1701.38,1701.38,0.07
Spectral_k5,4,ap_h,0.0,1.0,0.0,0.23,0.0,0.0,1.9
Spectral_k5,4,ap_v,0.0,0.0,0.0,0.0,0.0,0.0,
Spectral_k5,4,bp_h,0.0,1.0,1.0,0.77,1.0,1.0,0.57
Spectral_k5,4,bp_v,0.0,0.0,0.0,0.0,0.0,0.0,
Spectral_k5,4,com,0.0,0.0,0.0,0.0,0.0,0.0,
Spectral_k5,4,mp_h,0.0,0.0,0.0,0.0,0.0,0.0,
Spectral_k5,4,mp_v,0.0,0.0,0.0,0.0,0.0,0.0,
Spectral_k5,4,outros,0.0,0.0,0.0,0.0,0.0,0.0,
Spectral_k5,4,ter,0.0,0.0,0.0,0.0,0.0,0.0,
Spectral_k5,4,equipamentos,1337.21,1581.67,1353.62,1419.2,1370.11,1507.28,0.07
Spectral_k5,4,fator_com,0.0,0.0,0.0,0.0,0.0,0.0,
Spectral_k5,4,qtda_pav,1.0,2.0,1.0,1.31,1.0,2.0,0.37
Spectral_k5,4,aap_h,0.0,94890.83,0.0,21897.88,0.0,0.0,1.9
Spectral_k5,4,aap_v,0.0,0.0,0.0,0.0,0.0,0.0,
Spectral_k5,4,abp_h,0.0,49496.87,47531.6,37923.34,49496.87,49496.87,0.57
Spectral_k5,4,abp_v,0.0,0.0,0.0,0.0,0.0,0.0,
Spectral_k5,4,acom,0.0,0.0,0.0,0.0,0.0,0.0,
Spectral_k5,4,amp_h,0.0,0.0,0.0,0.0,0.0,0.0,
Spectral_k5,4,amp_v,0.0,0.0,0.0,0.0,0.0,0.0,
Spectral_k5,4,aoutros,0.0,0.0,0.0,0.0,0.0,0.0,
Spectral_k5,4,ater,0.0,0.0,0.0,0.0,0.0,0.0,
Spectral_k5,4,vl_m2_terreno,509.0,1526.0,1290.0,1250.62,1352.0,1503.0,0.28
Spectral_k5,4,a_vl_m2_construcao,1753.0,2277.0,1753.0,1873.92,1753.0,1753.0,0.12
Spectral_k5,4,comp_res,-6.13,-5.86,-6.13,-6.05,-6.13,-5.9,-0.02
Spectral_k5,4,densidade_hec_norm,-1.21,-0.87,-1.21,-1.16,-1.21,-1.1,-0.09
Spectral_k5,4,mobilidade_norm,0.05,0.55,0.38,0.39,0.38,0.38,0.32
Spectral_k5,4,equipamentos_norm,1.52,2.16,1.56,1.73,1.61,1.96,0.15
Spectral_k5,4,fator_com_norm,-0.34,-0.34,-0.34,-0.34,-0.34,-0.34,-0.0
Spectral_k5,4,a_vl_m2_construcao_norm,-0.41,0.41,-0.41,-0.22,-0.41,-0.41,-1.64
Spectral_k5,4,comp_res_norm,-5.73,-5.47,-5.73,-5.65,-5.73,-5.51,-0.02
Spectral_k5,4,aoutros_norm,-0.07,-0.07,-0.07,-0.07,-0.07,-0.07,-0.0
Spectral_k5,4,KMeans_k5,4.0,4.0,4.0,4.0,4.0,4.0,0.0
Spectral_k5,4,KMedoids_k5,4.0,4.0,4.0,4.0,4.0,4.0,0.0
Spectral_k5,4,ap_h_pct,0.0,100.0,0.0,23.08,0.0,0.0,1.9
Spectral_k5,4,ap_v_pct,0.0,0.0,0.0,0.0,0.0,0.0,
Spectral_k5,4,bp_h_pct,0.0,100.0,100.0,76.92,100.0,100.0,0.57
Spectral_k5,4,bp_v_pct,0.0,0.0,0.0,0.0,0.0,0.0,
Spectral_k5,4,com_pct,0.0,0.0,0.0,0.0,0.0,0.0,
Spectral_k5,4,mp_h_pct,0.0,0.0,0.0,0.0,0.0,0.0,
Spectral_k5,4,mp_v_pct,0.0,0.0,0.0,0.0,0.0,0.0,
Spectral_k5,4,outros_pct,0.0,0.0,0.0,0.0,0.0,0.0,
KMedoids_k5,0,index,0.0,81651.0,6709.5,17444.46,14531.0,21710.5,0.78
KMedoids_k5,0,SQLC,11001000100.0,197056004900.0,12139019950.0,33905321019.46,22078000500.0,24067001250.0,0.93
KMedoids_k5,0,densidade_hec,0.0,427.39,48.75,96.64,84.39,126.84,0.65
KMedoids_k5,0,qd_area,20.61,271668.11,6902.5,14615.75,12394.4,15713.08,0.94
KMedoids_k5,0,mobilidade,69.41,1838.37,496.26,791.13,784.83,1078.55,0.47
KMedoids_k5,0,ap_h,0.0,1.0,0.0,0.13,0.0,0.0,2.57
KMedoids_k5,0,ap_v,0.0,1.0,0.0,0.0,0.0,0.0,138.1
KMedoids_k5,0,bp_h,0.0,1.0,0.0,0.04,0.0,0.0,4.88
KMedoids_k5,0,bp_v,0.0,1.0,0.0,0.0,0.0,0.0,33.48
KMedoids_k5,0,com,0.0,0.0,0.0,0.0,0.0,0.0,
KMedoids_k5,0,mp_h,0.0,1.0,1.0,0.8,1.0,1.0,0.5
KMedoids_k5,0,mp_v,0.0,1.0,0.0,0.01,0.0,0.0,9.45
KMedoids_k5,0,outros,0.0,1.0,0.0,0.02,0.0,0.0,7.56
KMedoids_k5,0,ter,0.0,0.0,0.0,0.0,0.0,0.0,
KMedoids_k5,0,equipamentos,264.75,1530.3,569.33,777.92,777.9,963.46,0.31
KMedoids_k5,0,fator_com,0.0,0.0,0.0,0.0,0.0,0.0,
KMedoids_k5,0,qtda_pav,1.0,17.0,1.0,1.73,2.0,2.0,0.35
KMedoids_k5,0,aap_h,0.0,192500.17,0.0,2058.99,0.0,0.0,3.75
KMedoids_k5,0,aap_v,0.0,7185.06,0.0,0.38,0.0,0.0,138.1
KMedoids_k5,0,abp_h,0.0,55822.22,0.0,665.54,0.0,0.0,6.2
KMedoids_k5,0,abp_v,0.0,47741.17,0.0,13.28,0.0,0.0,41.24
KMedoids_k5,0,acom,0.0,0.0,0.0,0.0,0.0,0.0,
KMedoids_k5,0,amp_h,0.0,192500.17,3524.67,11326.49,9681.26,14911.81,1.1
KMedoids_k5,0,amp_v,0.0,271668.11,0.0,166.95,0.0,0.0,17.35
KMedoids_k5,0,aoutros,0.0,271668.11,0.0,384.13,0.0,0.0,14.17
KMedoids_k5,0,ater,0.0,0.0,0.0,0.0,0.0,0.0,
KMedoids_k5,0,vl_m2_terreno,644.0,11461.0,2201.0,3340.65,2972.0,4219.0,0.45
KMedoids_k5,0,a_vl_m2_construcao,1753.0,4212.0,2746.0,2728.57,2846.0,2846.0,0.1
KMedoids_k5,0,comp_res,-11.68,9.65,-0.02,0.17,0.29,0.56,6.21
KMedoids_k5,0,densidade_hec_norm,-1.55,3.26,-1.0,-0.47,-0.6,-0.12,-1.53
KMedoids_k5,0,mobilidade_norm,-1.44,0.53,-0.97,-0.64,-0.65,-0.32,-0.65
KMedoids_k5,0,equipamentos_norm,-1.27,2.02,-0.48,0.07,0.07,0.55,9.51
KMedoids_k5,0,fator_com_norm,-0.34,-0.34,-0.34,-0.34,-0.34,-0.34,-0.0
KMedoids_k5,0,a_vl_m2_construcao_norm,-0.41,3.45,1.15,1.12,1.31,1.31,0.39
KMedoids_k5,0,comp_res_norm,-10.91,9.01,-0.02,0.16,0.27,0.52,6.21
KMedoids_k5,0,aoutros_norm,-0.07,23.19,-0.07,-0.04,-0.07,-0.07,-11.08
KMedoids_k5,0,KMeans_k5,0.0,4.0,0.0,0.12,0.0,0.0,5.04
KMedoids_k5,0,Spectral_k5,0.0,3.0,0.0,0.43,0.0,0.0,1.92
KMedoids_k5,0,ap_h_pct,0.0,100.0,0.0,13.15,0.0,0.0,2.57
KMedoids_k5,0,ap_v_pct,0.0,100.0,0.0,0.01,0.0,0.0,138.1
KMedoids_k5,0,bp_h_pct,0.0,100.0,0.0,4.03,0.0,0.0,4.88
KMedoids_k5,0,bp_v_pct,0.0,100.0,0.0,0.09,0.0,0.0,33.48
KMedoids_k5,0,com_pct,0.0,0.0,0.0,0.0,0.0,0.0,
KMedoids_k5,0,mp_h_pct,0.0,100.0,100.0,79.9,100.0,100.0,0.5
KMedoids_k5,0,mp_v_pct,0.0,100.0,0.0,1.11,0.0,0.0,9.45
KMedoids_k5,0,outros_pct,0.0,100.0,0.0,1.72,0.0,0.0,7.56
KMedoids_k5,1,index,159.0,95491.0,29797.0,51526.83,52915.0,65413.0,0.41
KMedoids_k5,1,SQLC,11010001500.0,308159001100.0,76502002700.0,117375730962.88,106184002100.0,107424009900.0,0.59
KMedoids_k5,1,densidade_hec,0.0,419.01,98.43,138.73,137.87,168.19,0.4
KMedoids_k5,1,qd_area,24.7,941792.75,5400.99,11709.02,8048.45,13995.84,1.63
KMedoids_k5,1,mobilidade,82.86,3463.68,580.09,962.24,903.57,1319.01,0.5
KMedoids_k5,1,ap_h,0.0,1.0,0.0,0.01,0.0,0.0,9.47
KMedoids_k5,1,ap_v,0.0,0.0,0.0,0.0,0.0,0.0,
KMedoids_k5,1,bp_h,0.0,1.0,0.0,0.1,0.0,0.0,2.96
KMedoids_k5,1,bp_v,0.0,1.0,0.0,0.0,0.0,0.0,49.39
KMedoids_k5,1,com,0.0,0.0,0.0,0.0,0.0,0.0,
KMedoids_k5,1,mp_h,0.0,1.0,1.0,0.82,1.0,1.0,0.48
KMedoids_k5,1,mp_v,0.0,1.0,0.0,0.0,0.0,0.0,34.26
KMedoids_k5,1,outros,0.0,1.0,0.0,0.05,0.0,0.0,4.5
KMedoids_k5,1,ter,0.0,1.0,0.0,0.02,0.0,0.0,6.47
KMedoids_k5,1,equipamentos,219.3,1144.53,406.69,518.17,503.61,606.98,0.29
KMedoids_k5,1,fator_com,0.0,0.0,0.0,0.0,0.0,0.0,
KMedoids_k5,1,qtda_pav,0.0,11.0,1.0,1.53,2.0,2.0,0.4
KMedoids_k5,1,aap_h,0.0,51571.19,0.0,137.77,0.0,0.0,12.23
KMedoids_k5,1,aap_v,0.0,0.0,0.0,0.0,0.0,0.0,
KMedoids_k5,1,abp_h,0.0,90916.04,0.0,1002.59,0.0,0.0,3.95
KMedoids_k5,1,abp_v,0.0,44632.29,0.0,4.52,0.0,0.0,68.58
KMedoids_k5,1,acom,0.0,0.0,0.0,0.0,0.0,0.0,
KMedoids_k5,1,amp_h,0.0,941792.75,3203.03,9611.09,6741.71,11771.88,1.97
KMedoids_k5,1,amp_v,0.0,21832.69,0.0,6.84,0.0,0.0,40.02
KMedoids_k5,1,aoutros,0.0,271668.11,0.0,637.69,0.0,0.0,6.71
KMedoids_k5,1,ater,0.0,192500.17,0.0,308.52,0.0,0.0,9.59
KMedoids_k5,1,vl_m2_terreno,170.0,8294.0,993.0,1289.03,1090.0,1251.0,0.69
KMedoids_k5,1,a_vl_m2_construcao,0.0,2903.0,1753.0,1865.99,1939.0,2040.0,0.2
KMedoids_k5,1,comp_res,-11.1,48.01,-0.04,0.16,0.14,0.4,7.12
KMedoids_k5,1,densidade_hec_norm,-1.55,3.17,-0.44,0.01,-0.0,0.34,69.58
KMedoids_k5,1,mobilidade_norm,-1.43,2.34,-0.87,-0.45,-0.51,-0.05,-1.21
KMedoids_k5,1,equipamentos_norm,-1.39,1.02,-0.9,-0.61,-0.65,-0.38,-0.63
KMedoids_k5,1,fator_com_norm,-0.34,-0.34,-0.34,-0.34,-0.34,-0.34,-0.0
KMedoids_k5,1,a_vl_m2_construcao_norm,-3.16,1.39,-0.41,-0.23,-0.12,0.04,-2.55
KMedoids_k5,1,comp_res_norm,-10.36,44.83,-0.04,0.15,0.13,0.37,7.12
KMedoids_k5,1,aoutros_norm,-0.07,23.19,-0.07,-0.02,-0.07,-0.07,-17.99
KMedoids_k5,1,KMeans_k5,0.0,4.0,3.0,2.86,3.0,3.0,0.23
KMedoids_k5,1,Spectral_k5,0.0,3.0,0.0,0.36,0.0,0.0,2.14
KMedoids_k5,1,ap_h_pct,0.0,100.0,0.0,1.1,0.0,0.0,9.47
KMedoids_k5,1,ap_v_pct,0.0,0.0,0.0,0.0,0.0,0.0,
KMedoids_k5,1,bp_h_pct,0.0,100.0,0.0,10.22,0.0,0.0,2.96
KMedoids_k5,1,bp_v_pct,0.0,100.0,0.0,0.04,0.0,0.0,49.39
KMedoids_k5,1,com_pct,0.0,0.0,0.0,0.0,0.0,0.0,
KMedoids_k5,1,mp_h_pct,0.0,100.0,100.0,81.51,100.0,100.0,0.48
KMedoids_k5,1,mp_v_pct,0.0,100.0,0.0,0.09,0.0,0.0,34.26
KMedoids_k5,1,outros_pct,0.0,100.0,0.0,4.71,0.0,0.0,4.5
KMedoids_k5,2,index,3.0,96257.0,13242.5,33868.97,28118.0,48663.0,0.74
KMedoids_k5,2,SQLC,11001000600.0,308195000400.0,22049005050.0,75429374624.02,76435006000.0,104098500700.0,0.88
KMedoids_k5,2,densidade_hec,0.0,487.7,47.3,100.54,83.31,135.06,0.74
KMedoids_k5,2,qd_area,20.61,941792.75,6335.53,14616.69,10427.46,15029.02,1.67
KMedoids_k5,2,mobilidade,69.41,3883.16,419.44,890.18,745.57,1182.0,0.7
KMedoids_k5,2,ap_h,0.0,0.0,0.0,0.0,0.0,0.0,
KMedoids_k5,2,ap_v,0.0,0.0,0.0,0.0,0.0,0.0,
KMedoids_k5,2,bp_h,0.0,0.0,0.0,0.0,0.0,0.0,
KMedoids_k5,2,bp_v,0.0,0.0,0.0,0.0,0.0,0.0,
KMedoids_k5,2,com,1.0,1.0,1.0,1.0,1.0,1.0,0.0
KMedoids_k5,2,mp_h,0.0,0.0,0.0,0.0,0.0,0.0,
KMedoids_k5,2,mp_v,0.0,0.0,0.0,0.0,0.0,0.0,
KMedoids_k5,2,outros,0.0,0.0,0.0,0.0,0.0,0.0,
KMedoids_k5,2,ter,0.0,0.0,0.0,0.0,0.0,0.0,
KMedoids_k5,2,equipamentos,172.49,2538.41,542.35,841.31,808.26,1082.8,0.42
KMedoids_k5,2,fator_com,1.0,1.0,1.0,1.0,1.0,1.0,0.0
KMedoids_k5,2,qtda_pav,1.0,18.0,1.0,1.91,2.0,2.0,0.47
KMedoids_k5,2,aap_h,0.0,0.0,0.0,0.0,0.0,0.0,
KMedoids_k5,2,aap_v,0.0,0.0,0.0,0.0,0.0,0.0,
KMedoids_k5,2,abp_h,0.0,0.0,0.0,0.0,0.0,0.0,
KMedoids_k5,2,abp_v,0.0,0.0,0.0,0.0,0.0,0.0,
KMedoids_k5,2,acom,20.61,941792.75,6335.54,14616.69,10427.46,15029.02,1.67
KMedoids_k5,2,amp_h,0.0,0.0,0.0,0.0,0.0,0.0,
KMedoids_k5,2,amp_v,0.0,0.0,0.0,0.0,0.0,0.0,
KMedoids_k5,2,aoutros,0.0,0.0,0.0,0.0,0.0,0.0,
KMedoids_k5,2,ater,0.0,0.0,0.0,0.0,0.0,0.0,
KMedoids_k5,2,vl_m2_terreno,170.0,11461.0,1321.0,3034.54,2490.0,4397.5,0.66
KMedoids_k5,2,a_vl_m2_construcao,1537.0,4360.0,2159.0,2554.04,2665.0,2835.0,0.17
KMedoids_k5,2,comp_res,-0.2,-0.2,-0.2,-0.2,-0.2,-0.2,-0.0
KMedoids_k5,2,densidade_hec_norm,-1.55,3.94,-1.02,-0.42,-0.62,-0.03,-2.0
KMedoids_k5,2,mobilidade_norm,-1.44,2.81,-1.05,-0.53,-0.69,-0.2,-1.33
KMedoids_k5,2,equipamentos_norm,-1.51,4.64,-0.55,0.23,0.14,0.86,4.04
KMedoids_k5,2,fator_com_norm,2.9,2.9,2.9,2.9,2.9,2.9,0.0
KMedoids_k5,2,a_vl_m2_construcao_norm,-0.75,3.68,0.23,0.85,1.02,1.29,0.82
KMedoids_k5,2,comp_res_norm,-0.19,-0.19,-0.19,-0.19,-0.19,-0.19,-0.0
KMedoids_k5,2,aoutros_norm,-0.07,-0.07,-0.07,-0.07,-0.07,-0.07,-0.0
KMedoids_k5,2,KMeans_k5,2.0,4.0,2.0,2.0,2.0,2.0,0.01
KMedoids_k5,2,Spectral_k5,0.0,2.0,0.0,0.01,0.0,0.0,13.23
KMedoids_k5,2,ap_h_pct,0.0,0.0,0.0,0.0,0.0,0.0,
KMedoids_k5,2,ap_v_pct,0.0,0.0,0.0,0.0,0.0,0.0,
KMedoids_k5,2,bp_h_pct,0.0,0.0,0.0,0.0,0.0,0.0,
KMedoids_k5,2,bp_v_pct,0.0,0.0,0.0,0.0,0.0,0.0,
KMedoids_k5,2,com_pct,100.0,100.0,100.0,100.0,100.0,100.0,0.0
KMedoids_k5,2,mp_h_pct,0.0,0.0,0.0,0.0,0.0,0.0,
KMedoids_k5,2,mp_v_pct,0.0,0.0,0.0,0.0,0.0,0.0,
KMedoids_k5,2,outros_pct,0.0,0.0,0.0,0.0,0.0,0.0,
KMedoids_k5,3,index,2307.0,96752.0,70193.25,76621.51,76729.5,91270.75,0.19
KMedoids_k5,3,SQLC,12011001900.0,308212000100.0,127010002725.0,189149784310.14,127400501200.0,308008000175.0,0.45
KMedoids_k5,3,densidade_hec,0.0,1003.73,181.05,234.6,223.59,263.76,0.4
KMedoids_k5,3,qd_area,66.36,941792.75,4999.98,9416.16,7073.25,10470.78,1.72
KMedoids_k5,3,mobilidade,256.07,4230.99,2058.98,2575.6,2613.0,3089.67,0.27
KMedoids_k5,3,ap_h,0.0,1.0,0.0,0.0,0.0,0.0,26.23
KMedoids_k5,3,ap_v,0.0,0.0,0.0,0.0,0.0,0.0,
KMedoids_k5,3,bp_h,0.0,1.0,0.0,0.38,0.0,1.0,1.29
KMedoids_k5,3,bp_v,0.0,1.0,0.0,0.0,0.0,0.0,33.52
KMedoids_k5,3,com,0.0,1.0,0.0,0.01,0.0,0.0,9.71
KMedoids_k5,3,mp_h,0.0,1.0,0.0,0.5,1.0,1.0,0.99
KMedoids_k5,3,mp_v,0.0,1.0,0.0,0.0,0.0,0.0,36.53
KMedoids_k5,3,outros,0.0,1.0,0.0,0.01,0.0,0.0,8.39
KMedoids_k5,3,ter,0.0,1.0,0.0,0.09,0.0,0.0,3.15
KMedoids_k5,3,equipamentos,106.07,1629.88,486.43,561.68,566.63,632.44,0.25
KMedoids_k5,3,fator_com,0.0,1.0,0.0,0.01,0.0,0.0,9.71
KMedoids_k5,3,qtda_pav,0.0,11.0,1.0,1.33,1.0,2.0,0.54
KMedoids_k5,3,aap_h,0.0,127220.89,0.0,19.19,0.0,0.0,50.11
KMedoids_k5,3,aap_v,0.0,0.0,0.0,0.0,0.0,0.0,
KMedoids_k5,3,abp_h,0.0,263454.58,0.0,3415.07,0.0,5500.04,2.34
KMedoids_k5,3,abp_v,0.0,30617.8,0.0,8.9,0.0,0.0,42.03
KMedoids_k5,3,acom,0.0,36430.46,0.0,105.7,0.0,0.0,11.68
KMedoids_k5,3,amp_h,0.0,68146.53,0.0,4382.37,1433.21,7006.74,1.52
KMedoids_k5,3,amp_v,0.0,14978.37,0.0,5.89,0.0,0.0,39.85
KMedoids_k5,3,aoutros,0.0,313566.87,0.0,174.93,0.0,0.0,18.58
KMedoids_k5,3,ater,0.0,941792.75,0.0,1304.11,0.0,0.0,10.76
KMedoids_k5,3,vl_m2_terreno,160.0,9263.0,643.0,847.25,806.0,1009.0,0.68
KMedoids_k5,3,a_vl_m2_construcao,0.0,3502.0,1332.0,1407.75,1485.0,1590.0,0.36
KMedoids_k5,3,comp_res,-31.77,3.29,-0.86,-0.39,-0.13,0.16,-2.83
KMedoids_k5,3,densidade_hec_norm,-1.55,9.76,0.49,1.09,0.97,1.42,0.97
KMedoids_k5,3,mobilidade_norm,-1.23,3.2,0.77,1.35,1.39,1.92,0.58
KMedoids_k5,3,equipamentos_norm,-1.68,2.28,-0.69,-0.5,-0.48,-0.31,-0.74
KMedoids_k5,3,fator_com_norm,-0.34,2.9,-0.34,-0.31,-0.34,-0.34,-1.07
KMedoids_k5,3,a_vl_m2_construcao_norm,-3.16,2.33,-1.07,-0.95,-0.83,-0.67,-0.84
KMedoids_k5,3,comp_res_norm,-29.67,3.07,-0.81,-0.36,-0.12,0.15,-2.83
KMedoids_k5,3,aoutros_norm,-0.07,26.77,-0.07,-0.06,-0.07,-0.07,-4.64
KMedoids_k5,3,KMeans_k5,0.0,4.0,1.0,1.42,1.0,1.0,0.58
KMedoids_k5,3,Spectral_k5,0.0,3.0,0.0,0.43,0.0,0.0,1.92
KMedoids_k5,3,ap_h_pct,0.0,100.0,0.0,0.15,0.0,0.0,26.23
KMedoids_k5,3,ap_v_pct,0.0,0.0,0.0,0.0,0.0,0.0,
KMedoids_k5,3,bp_h_pct,0.0,100.0,0.0,37.59,0.0,100.0,1.29
KMedoids_k5,3,bp_v_pct,0.0,100.0,0.0,0.09,0.0,0.0,33.52
KMedoids_k5,3,com_pct,0.0,100.0,0.0,1.05,0.0,0.0,9.71
KMedoids_k5,3,mp_h_pct,0.0,100.0,0.0,50.47,100.0,100.0,0.99
KMedoids_k5,3,mp_v_pct,0.0,100.0,0.0,0.07,0.0,0.0,36.53
KMedoids_k5,3,outros_pct,0.0,100.0,0.0,1.4,0.0,0.0,8.39
KMedoids_k5,4,index,72.0,95482.0,33477.75,50587.77,39631.0,82349.5,0.5
KMedoids_k5,4,SQLC,11003005100.0,308158008800.0,79744000575.0,118832730021.02,82513004300.0,199018000950.0,0.53
KMedoids_k5,4,densidade_hec,0.0,341.38,37.77,74.15,76.06,103.24,0.66
KMedoids_k5,4,qd_area,51.96,549393.27,5939.86,16617.21,9128.31,15391.56,1.92
KMedoids_k5,4,mobilidade,137.04,4015.06,972.85,1536.64,1522.9,2013.16,0.48
KMedoids_k5,4,ap_h,0.0,1.0,0.0,0.08,0.0,0.0,3.36
KMedoids_k5,4,ap_v,0.0,0.0,0.0,0.0,0.0,0.0,
KMedoids_k5,4,bp_h,0.0,1.0,0.0,0.06,0.0,0.0,3.97
KMedoids_k5,4,bp_v,0.0,1.0,0.0,0.0,0.0,0.0,36.37
KMedoids_k5,4,com,0.0,0.0,0.0,0.0,0.0,0.0,
KMedoids_k5,4,mp_h,0.0,1.0,0.0,0.7,1.0,1.0,0.65
KMedoids_k5,4,mp_v,0.0,1.0,0.0,0.0,0.0,0.0,34.82
KMedoids_k5,4,outros,0.0,1.0,0.0,0.09,0.0,0.0,3.11
KMedoids_k5,4,ter,0.0,1.0,0.0,0.06,0.0,0.0,4.01
KMedoids_k5,4,equipamentos,730.92,2754.2,1285.25,1451.23,1415.69,1556.43,0.19
KMedoids_k5,4,fator_com,0.0,0.0,0.0,0.0,0.0,0.0,
KMedoids_k5,4,qtda_pav,0.0,20.0,1.0,1.43,1.0,2.0,0.48
KMedoids_k5,4,aap_h,0.0,94890.83,0.0,1035.81,0.0,0.0,4.45
KMedoids_k5,4,aap_v,0.0,0.0,0.0,0.0,0.0,0.0,
KMedoids_k5,4,abp_h,0.0,168510.0,0.0,825.95,0.0,0.0,6.01
KMedoids_k5,4,abp_v,0.0,29153.21,0.0,10.75,0.0,0.0,41.02
KMedoids_k5,4,acom,0.0,0.0,0.0,0.0,0.0,0.0,
KMedoids_k5,4,amp_h,0.0,168510.0,0.0,9893.65,6407.73,11609.3,1.55
KMedoids_k5,4,amp_v,0.0,29369.96,0.0,9.26,0.0,0.0,41.54
KMedoids_k5,4,aoutros,0.0,549393.27,0.0,3667.58,0.0,0.0,7.73
KMedoids_k5,4,ater,0.0,549393.27,0.0,1174.21,0.0,0.0,8.17
KMedoids_k5,4,vl_m2_terreno,173.0,11097.0,1214.0,1780.62,1454.0,1785.0,0.67
KMedoids_k5,4,a_vl_m2_construcao,0.0,3558.0,1939.0,1917.91,2040.0,2040.0,0.29
KMedoids_k5,4,comp_res,-20.4,8.42,-0.2,0.14,0.13,0.39,7.72
KMedoids_k5,4,densidade_hec_norm,-1.55,2.29,-1.13,-0.72,-0.7,-0.39,-0.77
KMedoids_k5,4,mobilidade_norm,-1.37,2.95,-0.44,0.19,0.18,0.72,4.24
KMedoids_k5,4,equipamentos_norm,-0.06,5.21,1.38,1.82,1.72,2.09,0.39
KMedoids_k5,4,fator_com_norm,-0.34,-0.34,-0.34,-0.34,-0.34,-0.34,-0.0
KMedoids_k5,4,a_vl_m2_construcao_norm,-3.16,2.42,-0.12,-0.15,0.04,0.04,-5.76
KMedoids_k5,4,comp_res_norm,-19.04,7.86,-0.19,0.13,0.12,0.37,7.72
KMedoids_k5,4,aoutros_norm,-0.07,46.97,-0.07,0.24,-0.07,-0.07,10.15
KMedoids_k5,4,KMeans_k5,0.0,4.0,4.0,3.83,4.0,4.0,0.21
KMedoids_k5,4,Spectral_k5,0.0,4.0,0.0,0.35,0.0,0.0,2.2
KMedoids_k5,4,ap_h_pct,0.0,100.0,0.0,8.14,0.0,0.0,3.36
KMedoids_k5,4,ap_v_pct,0.0,0.0,0.0,0.0,0.0,0.0,
KMedoids_k5,4,bp_h_pct,0.0,100.0,0.0,5.98,0.0,0.0,3.97
KMedoids_k5,4,bp_v_pct,0.0,100.0,0.0,0.08,0.0,0.0,36.37
KMedoids_k5,4,com_pct,0.0,0.0,0.0,0.0,0.0,0.0,
KMedoids_k5,4,mp_h_pct,0.0,100.0,0.0,70.47,100.0,100.0,0.65
KMedoids_k5,4,mp_v_pct,0.0,100.0,0.0,0.08,0.0,0.0,34.82
KMedoids_k5,4,outros_pct,0.0,100.0,0.0,9.39,0.0,0.0,3.11
